year	algorithm	n_articles	pct_missing_params	pct_missing_justification	pct_missing_evaluation	pct_missing_tuning	pct_missing_reporting_signals
2000	OPTICS	64	98.4375	18.75	75.0	90.625	100.0
2000	generic cluster*	218	98.62385321100918	42.20183486238532	87.61467889908256	93.57798165137615	100.0
2001	OPTICS	79	93.67088607594937	29.11392405063291	78.48101265822785	94.9367088607595	100.0
2001	generic cluster*	286	96.5034965034965	39.86013986013986	82.16783216783217	95.1048951048951	98.95104895104895
2002	OPTICS	57	92.98245614035088	22.80701754385965	75.43859649122807	94.73684210526316	100.0
2002	generic cluster*	367	89.64577656675749	37.60217983651226	83.92370572207085	92.37057220708446	98.91008174386921
2003	hierarchical	63	80.95238095238095	39.682539682539684	71.42857142857143	79.36507936507937	96.82539682539682
2003	OPTICS	58	89.65517241379311	29.310344827586206	84.48275862068965	93.10344827586206	100.0
2003	generic cluster*	487	91.58110882956879	42.50513347022587	83.36755646817248	90.75975359342915	99.17864476386038
2004	hierarchical	109	73.39449541284404	27.522935779816514	85.3211009174312	81.65137614678899	99.08256880733946
2004	OPTICS	76	93.42105263157895	38.1578947368421	86.84210526315789	96.05263157894737	100.0
2004	generic cluster*	769	86.60598179453837	37.841352405721715	84.91547464239272	90.50715214564369	99.60988296488947
2005	k-means	59	45.76271186440678	30.508474576271187	59.32203389830509	79.66101694915254	93.22033898305085
2005	hierarchical	159	73.58490566037736	27.67295597484277	76.72955974842768	76.72955974842768	97.48427672955975
2005	OPTICS	110	96.36363636363636	21.818181818181817	88.18181818181819	94.54545454545455	100.0
2005	generic cluster*	1104	85.96014492753623	35.23550724637681	83.06159420289855	88.31521739130434	99.0036231884058
2006	k-means	99	39.39393939393939	19.19191919191919	69.6969696969697	77.77777777777777	92.92929292929293
2006	hierarchical	288	68.40277777777777	20.13888888888889	74.65277777777777	77.08333333333333	96.18055555555556
2006	OPTICS	177	96.045197740113	39.548022598870055	84.7457627118644	95.48022598870057	100.0
2006	generic cluster*	1653	86.38838475499092	32.849364791288565	80.8832425892317	86.99334543254689	98.79007864488808
2007	k-means	168	41.07142857142857	24.404761904761905	62.5	77.38095238095238	92.85714285714286
2007	hierarchical	482	68.04979253112033	17.012448132780083	71.16182572614107	78.00829875518673	96.6804979253112
2007	OPTICS	252	97.61904761904762	32.53968253968254	86.9047619047619	93.25396825396825	100.0
2007	GMM/mixture	51	43.13725490196079	21.568627450980394	64.70588235294117	72.54901960784314	90.19607843137256
2007	generic cluster*	2431	82.72315919374743	29.987659399424107	78.40394899218428	86.63101604278074	98.35458658988071
2008	k-means	219	42.465753424657535	14.61187214611872	67.57990867579909	77.1689497716895	94.06392694063926
2008	k-medoids/PAM	60	60.0	18.333333333333332	55.0	68.33333333333333	90.0
2008	hierarchical	589	73.3446519524618	18.33616298811545	75.55178268251274	81.66383701188455	97.79286926994907
2008	OPTICS	376	96.01063829787235	32.712765957446805	82.7127659574468	92.02127659574468	100.0
2008	GMM/mixture	74	51.351351351351354	18.91891891891892	52.7027027027027	79.72972972972973	93.24324324324324
2008	SOM	70	61.42857142857143	11.428571428571429	74.28571428571429	72.85714285714286	95.71428571428571
2008	MCL	54	68.51851851851852	33.333333333333336	68.51851851851852	90.74074074074075	98.14814814814815
2008	generic cluster*	3445	83.42525399129173	28.621190130624093	78.51959361393324	86.90856313497822	98.95500725689405
2009	k-means	241	47.302904564315355	18.25726141078838	61.41078838174274	80.08298755186722	95.02074688796681
2009	k-medoids/PAM	79	58.22784810126582	25.31645569620253	62.0253164556962	69.62025316455696	94.9367088607595
2009	hierarchical	777	76.96267696267697	16.98841698841699	74.38867438867439	79.92277992277992	97.16859716859717
2009	OPTICS	520	95.57692307692308	32.69230769230769	85.76923076923077	91.92307692307692	99.8076923076923
2009	GMM/mixture	95	57.89473684210526	15.789473684210526	50.526315789473685	78.94736842105263	92.63157894736842
2009	SOM	62	66.12903225806451	12.903225806451612	61.29032258064516	80.64516129032258	98.38709677419355
2009	MCL	93	73.11827956989248	24.731182795698924	61.29032258064516	81.72043010752688	92.47311827956989
2009	generic cluster*	4335	85.09803921568627	28.350634371395618	77.76239907727798	86.71280276816609	98.73125720876585
2010	k-means	368	52.44565217391305	17.934782608695652	67.93478260869566	77.98913043478261	94.56521739130434
2010	k-medoids/PAM	73	63.013698630136986	16.438356164383563	60.273972602739725	63.013698630136986	87.67123287671232
2010	hierarchical	1023	75.26881720430107	20.13685239491691	73.60703812316716	80.05865102639297	97.84946236559139
2010	OPTICS	805	95.77639751552795	35.27950310559006	84.59627329192547	92.4223602484472	99.87577639751552
2010	GMM/mixture	123	52.84552845528455	11.382113821138212	60.97560975609756	69.91869918699187	91.0569105691057
2010	SOM	81	61.72839506172839	20.987654320987655	66.66666666666667	77.77777777777777	95.06172839506173
2010	MCL	127	76.37795275590551	22.04724409448819	64.56692913385827	88.18897637795276	96.85039370078741
2010	leiden	51	96.07843137254902	23.529411764705884	70.58823529411765	94.11764705882354	98.03921568627452
2010	generic cluster*	5862	84.39099283520983	28.98328215626066	78.71033776867964	87.63220743773456	98.7035141589901
2011	k-means	418	51.196172248803826	16.985645933014354	68.42105263157895	75.83732057416267	95.2153110047847
2011	k-medoids/PAM	102	61.76470588235294	21.568627450980394	63.72549019607843	75.49019607843137	98.03921568627452
2011	hierarchical	1350	78.22222222222223	17.85185185185185	74.51851851851852	81.77777777777777	97.70370370370371
2011	OPTICS	1114	96.05026929982047	35.81687612208258	85.09874326750449	91.83123877917414	99.91023339317773
2011	GMM/mixture	152	64.47368421052632	19.736842105263158	55.921052631578945	68.42105263157895	93.42105263157895
2011	SOM	89	68.53932584269663	20.224719101123597	77.52808988764045	77.52808988764045	98.87640449438203
2011	MCL	160	79.375	23.75	63.125	90.0	97.5
2011	leiden	56	96.42857142857143	33.92857142857143	75.0	89.28571428571429	98.21428571428571
2011	generic cluster*	7543	86.00026514649343	28.887710460029165	78.86782447302134	88.0816651199788	98.85987007821822
2012	k-means	565	53.27433628318584	19.115044247787612	68.84955752212389	77.87610619469027	94.33628318584071
2012	k-medoids/PAM	117	69.23076923076923	17.94871794871795	61.53846153846154	69.23076923076923	93.16239316239316
2012	c-means/fuzzy c-means	51	45.09803921568628	21.568627450980394	68.62745098039215	70.58823529411765	94.11764705882354
2012	hierarchical	1715	78.134110787172	18.309037900874635	74.40233236151603	84.02332361516035	98.01749271137027
2012	ward	54	62.96296296296296	20.37037037037037	68.51851851851852	68.51851851851852	100.0
2012	OPTICS	1458	95.47325102880659	34.43072702331962	83.95061728395062	92.72976680384087	99.86282578875172
2012	GMM/mixture	175	63.42857142857143	24.571428571428573	54.857142857142854	76.57142857142857	96.57142857142857
2012	SOM	121	69.42148760330579	23.96694214876033	79.33884297520662	74.3801652892562	99.17355371900827
2012	MCL	204	79.90196078431373	27.941176470588236	61.27450980392157	88.72549019607843	98.52941176470588
2012	leiden	70	94.28571428571429	15.714285714285714	80.0	88.57142857142857	98.57142857142857
2012	generic cluster*	10037	85.40400518083092	29.03257945601275	77.83202152037461	87.76526850652586	98.9040549965129
2013	k-means	771	51.10246433203632	17.380025940337223	66.92607003891051	74.70817120622569	94.6822308690013
2013	k-medoids/PAM	148	70.27027027027027	18.243243243243242	61.486486486486484	76.35135135135135	94.5945945945946
2013	c-means/fuzzy c-means	100	51.0	30.0	72.0	79.0	98.0
2013	hierarchical	2235	79.46308724832215	16.465324384787472	73.46756152125279	83.17673378076063	97.62863534675616
2013	ward	79	64.55696202531645	8.860759493670885	67.0886075949367	81.0126582278481	92.40506329113924
2013	OPTICS	1801	95.7801221543587	33.31482509716824	85.50805108273181	92.50416435313714	99.83342587451416
2013	mean shift	55	89.0909090909091	27.272727272727273	83.63636363636364	81.81818181818181	100.0
2013	GMM/mixture	273	60.43956043956044	15.018315018315018	57.142857142857146	75.45787545787546	91.20879120879121
2013	SOM	124	66.12903225806451	19.35483870967742	70.96774193548387	78.2258064516129	94.35483870967742
2013	MCL	229	80.78602620087337	26.637554585152838	62.00873362445415	90.39301310043668	97.81659388646288
2013	community detection	54	20.37037037037037	22.22222222222222	14.814814814814815	77.77777777777777	85.18518518518519
2013	leiden	99	90.9090909090909	27.272727272727273	76.76767676767676	86.86868686868686	95.95959595959596
2013	generic cluster*	12961	85.21719003163336	26.67232466630661	77.06967055011188	87.1306226371422	98.72695008101226
2014	k-means	977	52.917093142272265	17.707267144319346	69.49846468781986	78.1985670419652	93.9611054247697
2014	k-medoids/PAM	199	65.32663316582915	18.592964824120603	64.82412060301507	78.89447236180905	94.47236180904522
2014	c-means/fuzzy c-means	104	44.23076923076923	31.73076923076923	80.76923076923077	80.76923076923077	98.07692307692308
2014	hierarchical	2742	79.90517870167761	17.21371261852662	71.88183807439825	84.28154631655725	97.4835886214442
2014	ward	87	68.96551724137932	12.64367816091954	67.816091954023	81.60919540229885	95.40229885057471
2014	OPTICS	2135	95.83138173302108	35.97189695550351	84.30913348946136	93.6768149882904	99.85948477751757
2014	mean shift	60	80.0	25.0	86.66666666666667	86.66666666666667	100.0
2014	BIRCH	52	90.38461538461539	23.076923076923077	67.3076923076923	88.46153846153847	98.07692307692308
2014	spectral	58	27.586206896551722	17.24137931034483	43.10344827586207	70.6896551724138	82.75862068965517
2014	GMM/mixture	375	60.53333333333333	20.0	57.86666666666667	76.26666666666667	93.6
2014	SOM	152	66.44736842105263	21.05263157894737	67.10526315789474	75.65789473684211	93.42105263157895
2014	MCL	254	77.16535433070867	24.409448818897637	64.56692913385827	84.25196850393701	96.45669291338582
2014	community detection	86	19.767441860465116	13.953488372093023	19.767441860465116	83.72093023255815	86.04651162790698
2014	leiden	110	88.18181818181819	24.545454545454547	77.27272727272727	82.72727272727273	93.63636363636364
2014	generic cluster*	15594	84.68641785302039	27.311786584583814	77.25407207900474	88.01462100808003	98.64050275747083
2015	k-means	1153	50.39028620988725	18.560277536860365	68.08326105810929	77.9705117085863	95.49002601908066
2015	k-medoids/PAM	245	70.20408163265306	17.551020408163264	64.89795918367346	79.18367346938776	94.6938775510204
2015	c-means/fuzzy c-means	134	53.73134328358209	24.62686567164179	73.88059701492537	70.8955223880597	95.5223880597015
2015	hierarchical	3383	81.34791605084244	17.32190363582619	73.45551285840969	84.3334318652084	98.1377475613361
2015	ward	88	72.72727272727273	20.454545454545453	55.68181818181818	82.95454545454545	92.04545454545455
2015	OPTICS	2602	95.11913912375095	37.08685626441199	84.70407378939278	92.23674096848578	99.76940814757879
2015	mean shift	77	74.02597402597402	24.675324675324674	83.11688311688312	74.02597402597402	100.0
2015	BIRCH	75	90.66666666666667	29.333333333333332	69.33333333333333	89.33333333333333	100.0
2015	spectral	66	30.303030303030305	19.696969696969695	62.121212121212125	71.21212121212122	89.39393939393939
2015	GMM/mixture	422	62.55924170616114	14.928909952606634	62.322274881516584	74.40758293838863	94.07582938388626
2015	SOM	183	66.66666666666667	16.39344262295082	67.75956284153006	79.23497267759562	95.62841530054645
2015	MCL	290	80.6896551724138	26.551724137931036	59.310344827586206	88.27586206896552	97.24137931034483
2015	community detection	98	24.489795918367346	20.408163265306122	24.489795918367346	83.6734693877551	90.81632653061224
2015	louvain	58	27.586206896551722	10.344827586206897	29.310344827586206	74.13793103448276	86.20689655172414
2015	leiden	116	87.06896551724138	22.413793103448278	71.55172413793103	87.93103448275862	97.41379310344827
2015	generic cluster*	18077	84.3336836864524	27.239033025391382	76.79371577142224	87.24899042982796	98.705537423245
2016	k-means	1415	48.90459363957597	14.840989399293287	66.28975265017668	74.77031802120142	93.42756183745583
2016	k-medoids/PAM	291	64.26116838487972	15.120274914089347	64.26116838487972	76.97594501718213	93.81443298969072
2016	c-means/fuzzy c-means	135	40.74074074074074	19.25925925925926	76.29629629629629	69.62962962962963	94.81481481481481
2016	hierarchical	3923	81.08590364516951	16.466989548814684	73.38771348457813	83.50751975528932	97.78230945704817
2016	ward	97	70.10309278350516	15.463917525773196	72.16494845360825	82.47422680412372	98.96907216494846
2016	DBSCAN	90	47.77777777777778	21.11111111111111	65.55555555555556	75.55555555555556	90.0
2016	OPTICS	3243	94.8504471168671	36.91026827012026	84.30465618254702	92.22941720629048	99.84582176996608
2016	mean shift	70	67.14285714285714	20.0	77.14285714285714	82.85714285714286	95.71428571428571
2016	BIRCH	93	83.87096774193549	23.655913978494624	64.51612903225806	87.09677419354838	97.84946236559139
2016	spectral	92	25.0	17.391304347826086	50.0	66.30434782608695	91.30434782608695
2016	GMM/mixture	464	58.62068965517241	15.301724137931034	57.758620689655174	73.49137931034483	94.18103448275862
2016	SOM	206	70.87378640776699	14.563106796116505	65.04854368932038	76.2135922330097	92.23300970873787
2016	MCL	294	77.89115646258503	24.14965986394558	60.8843537414966	86.73469387755102	97.27891156462584
2016	community detection	128	18.75	14.84375	17.1875	85.15625	90.625
2016	louvain	79	22.78481012658228	17.72151898734177	18.9873417721519	84.81012658227849	92.40506329113924
2016	leiden	144	88.19444444444444	29.86111111111111	72.22222222222223	87.5	97.22222222222223
2016	generic cluster*	20462	84.03870589385201	25.686638647248557	76.49301143583227	86.59466327827192	98.5631903039781
2017	k-means	1665	50.210210210210214	16.876876876876878	69.24924924924925	75.7957957957958	93.33333333333333
2017	k-medoids/PAM	332	68.67469879518072	13.855421686746988	63.25301204819277	77.10843373493977	92.7710843373494
2017	c-means/fuzzy c-means	126	52.38095238095238	15.873015873015873	71.42857142857143	69.04761904761905	93.65079365079364
2017	hierarchical	4773	82.31720092185209	17.787554996857324	71.88351141839514	83.7628326000419	97.80012570710245
2017	ward	123	73.98373983739837	14.634146341463415	72.35772357723577	85.36585365853658	98.3739837398374
2017	DBSCAN	99	47.474747474747474	12.121212121212121	61.61616161616162	75.75757575757575	86.86868686868686
2017	OPTICS	3658	94.12247129579005	34.8824494259158	84.7457627118644	91.30672498633133	99.8633132859486
2017	mean shift	87	74.71264367816092	12.64367816091954	72.41379310344827	80.45977011494253	96.55172413793103
2017	BIRCH	113	88.49557522123894	20.353982300884955	69.91150442477876	88.49557522123894	97.34513274336283
2017	spectral	103	27.184466019417474	17.475728155339805	46.601941747572816	71.84466019417475	86.40776699029126
2017	affinity propagation	65	53.84615384615385	15.384615384615385	64.61538461538461	76.92307692307692	93.84615384615384
2017	GMM/mixture	556	58.63309352517986	16.906474820143885	61.510791366906474	71.22302158273381	93.70503597122303
2017	SOM	219	71.23287671232876	23.744292237442924	68.4931506849315	75.79908675799086	92.69406392694064
2017	MCL	353	80.1699716713881	25.21246458923513	64.02266288951841	84.13597733711048	97.45042492917847
2017	community detection	173	25.433526011560694	17.91907514450867	29.479768786127167	80.92485549132948	88.4393063583815
2017	louvain	105	26.666666666666668	18.095238095238095	21.904761904761905	79.04761904761905	87.61904761904762
2017	leiden	143	90.20979020979021	21.678321678321677	74.12587412587412	86.01398601398601	97.2027972027972
2017	generic cluster*	23765	83.93856511676836	25.39448769198401	76.19608668209551	86.24026930359773	98.32106038291606
2018	k-means	2025	49.876543209876544	17.135802469135804	66.96296296296296	73.67901234567901	92.49382716049382
2018	k-medoids/PAM	475	66.94736842105263	15.368421052631579	64.84210526315789	81.26315789473684	93.6842105263158
2018	c-means/fuzzy c-means	185	52.972972972972975	22.7027027027027	73.51351351351352	70.8108108108108	95.67567567567568
2018	hierarchical	5376	79.4828869047619	16.42485119047619	71.37276785714286	83.51934523809524	97.54464285714286
2018	ward	133	68.42105263157895	15.789473684210526	60.150375939849624	82.70676691729324	93.23308270676692
2018	DBSCAN	154	41.55844155844156	21.428571428571427	67.53246753246754	75.32467532467533	92.20779220779221
2018	OPTICS	4260	93.54460093896714	33.80281690140845	82.88732394366197	89.74178403755869	99.60093896713614
2018	mean shift	121	67.76859504132231	25.619834710743802	79.33884297520662	80.16528925619835	94.21487603305785
2018	BIRCH	129	82.94573643410853	28.68217054263566	73.64341085271317	84.49612403100775	96.89922480620154
2018	spectral	173	30.057803468208093	13.872832369942197	49.13294797687861	67.6300578034682	84.97109826589596
2018	affinity propagation	62	27.419354838709676	19.35483870967742	58.064516129032256	66.12903225806451	87.09677419354838
2018	GMM/mixture	671	55.58867362146051	18.330849478390462	59.16542473919523	70.19374068554396	91.35618479880775
2018	SOM	255	69.80392156862744	19.607843137254903	73.33333333333333	72.54901960784314	95.29411764705883
2018	MCL	410	84.63414634146342	23.414634146341463	59.26829268292683	87.07317073170732	97.8048780487805
2018	graph-based	66	43.93939393939394	13.636363636363637	51.515151515151516	81.81818181818181	90.9090909090909
2018	community detection	209	22.00956937799043	18.660287081339714	28.229665071770334	81.33971291866028	86.1244019138756
2018	louvain	134	25.37313432835821	14.925373134328359	20.149253731343283	75.3731343283582	88.80597014925372
2018	leiden	199	86.93467336683418	17.08542713567839	70.35175879396985	80.40201005025126	98.49246231155779
2018	SNN	70	44.285714285714285	20.0	55.714285714285715	64.28571428571429	88.57142857142857
2018	Seurat	147	51.02040816326531	14.965986394557824	55.10204081632653	74.14965986394557	87.07482993197279
2018	SC3	60	55.0	18.333333333333332	45.0	85.0	90.0
2018	generic cluster*	27429	83.0216194538627	25.462102154653834	75.55506945203982	85.65022421524664	98.20992380327391
2019	k-means	2619	50.13363879343261	16.571210385643376	64.52844597174494	74.5704467353952	93.35624284077892
2019	k-medoids/PAM	574	68.98954703832753	16.202090592334496	61.67247386759582	78.9198606271777	94.07665505226481
2019	c-means/fuzzy c-means	210	49.04761904761905	20.0	71.42857142857143	75.23809523809524	94.28571428571429
2019	hierarchical	6886	79.84316003485333	16.70055184432181	71.3040952657566	82.26837060702876	97.28434504792332
2019	ward	166	70.48192771084338	15.060240963855422	65.06024096385542	77.71084337349397	98.19277108433735
2019	DBSCAN	190	46.31578947368421	13.68421052631579	58.94736842105263	74.21052631578948	91.57894736842105
2019	OPTICS	4918	93.63562423749492	31.638877592517282	82.12688084587231	88.81659211061407	99.6949979666531
2019	mean shift	121	74.3801652892562	23.96694214876033	78.51239669421487	84.29752066115702	96.69421487603306
2019	BIRCH	155	80.0	20.0	70.3225806451613	87.74193548387096	98.06451612903226
2019	spectral	173	35.26011560693642	18.497109826589597	53.75722543352601	69.36416184971098	87.86127167630057
2019	affinity propagation	84	40.476190476190474	17.857142857142858	71.42857142857143	76.19047619047619	95.23809523809524
2019	GMM/mixture	847	58.913813459268006	18.890200708382526	60.44864226682409	71.42857142857143	93.38842975206612
2019	DPM	56	62.5	17.857142857142858	71.42857142857143	78.57142857142857	94.64285714285714
2019	SOM	312	62.82051282051282	15.384615384615385	69.87179487179488	73.07692307692308	93.91025641025641
2019	MCL	470	81.91489361702128	24.46808510638298	63.191489361702125	84.68085106382979	96.80851063829788
2019	graph-based	117	50.427350427350426	13.675213675213675	58.97435897435897	76.06837606837607	90.5982905982906
2019	community detection	268	26.865671641791046	20.895522388059703	24.253731343283583	79.4776119402985	88.05970149253731
2019	louvain	274	24.452554744525546	17.51824817518248	25.912408759124087	74.08759124087591	83.94160583941606
2019	leiden	267	87.64044943820225	16.10486891385768	73.03370786516854	86.89138576779027	97.37827715355806
2019	SNN	111	45.945945945945944	18.91891891891892	43.24324324324324	73.87387387387388	87.38738738738739
2019	Seurat	375	49.6	11.466666666666667	58.13333333333333	77.86666666666666	91.73333333333333
2019	SC3	80	42.5	13.75	47.5	81.25	91.25
2019	generic cluster*	33014	82.87999030714242	24.83188950142364	75.18628460653056	84.84582298418853	98.15532804264858
2020	k-means	3596	46.66295884315907	17.380422691879865	66.26807563959956	72.19132369299221	91.46273637374861
2020	k-medoids/PAM	744	66.12903225806451	15.86021505376344	63.03763440860215	76.88172043010752	91.66666666666667
2020	c-means/fuzzy c-means	297	49.831649831649834	27.60942760942761	74.07407407407408	70.37037037037037	94.61279461279462
2020	hierarchical	9021	79.08214166943797	17.00476665558142	70.7571222702583	81.96430550936704	97.2508591065292
2020	ward	180	66.11111111111111	17.77777777777778	65.55555555555556	86.66666666666667	97.22222222222223
2020	DBSCAN	337	45.6973293768546	14.836795252225519	65.57863501483679	69.43620178041543	90.80118694362018
2020	OPTICS	6067	93.35750782924015	32.80039558266029	81.67133673973957	89.53354211307071	99.4890390637877
2020	mean shift	144	71.52777777777777	21.52777777777778	77.08333333333333	82.63888888888889	97.91666666666667
2020	BIRCH	208	77.40384615384616	25.96153846153846	63.46153846153846	83.17307692307692	95.1923076923077
2020	spectral	240	29.166666666666668	14.583333333333334	48.75	63.75	84.16666666666667
2020	affinity propagation	90	47.77777777777778	27.77777777777778	68.88888888888889	67.77777777777777	90.0
2020	GMM/mixture	1084	56.82656826568266	18.081180811808117	57.564575645756456	69.09594095940959	91.78966789667896
2020	DPM	89	57.30337078651685	21.348314606741575	68.53932584269663	80.89887640449439	96.62921348314607
2020	SOM	432	62.26851851851852	20.60185185185185	66.20370370370371	70.37037037037037	93.75
2020	MCL	559	83.00536672629696	25.22361359570662	62.25402504472272	86.58318425760287	97.85330948121646
2020	graph-based	217	58.525345622119815	13.36405529953917	65.89861751152074	78.80184331797236	94.93087557603687
2020	community detection	344	25.872093023255815	18.313953488372093	31.3953488372093	74.70930232558139	84.88372093023256
2020	louvain	433	31.40877598152425	15.935334872979215	38.79907621247113	75.98152424942263	87.52886836027713
2020	leiden	421	77.19714964370546	19.95249406175772	74.34679334916865	84.08551068883611	95.24940617577197
2020	SNN	221	38.009049773755656	14.479638009049774	48.41628959276018	77.82805429864253	90.9502262443439
2020	Phenograph	78	43.58974358974359	16.666666666666668	57.69230769230769	80.76923076923077	89.74358974358974
2020	Seurat	995	59.79899497487437	14.472361809045227	65.82914572864321	80.40201005025126	94.17085427135679
2020	Scanpy	143	39.86013986013986	15.384615384615385	53.14685314685315	65.03496503496504	81.81818181818181
2020	SC3	96	42.708333333333336	18.75	51.041666666666664	78.125	89.58333333333333
2020	generic cluster*	44877	82.40301267910066	25.959845800744258	75.12534260311519	84.53550816676695	98.01011654076699
2021	k-means	5291	47.74144774144774	17.236817236817238	65.71536571536572	71.83897183897184	91.91079191079191
2021	k-medoids/PAM	1060	65.56603773584905	16.32075471698113	59.905660377358494	76.98113207547169	93.11320754716981
2021	c-means/fuzzy c-means	483	47.20496894409938	27.74327122153209	71.63561076604555	64.59627329192547	93.37474120082815
2021	hierarchical	11772	78.47434590553857	16.139993204213386	69.97111790689772	80.80190282025144	96.98436969079171
2021	ward	278	67.62589928057554	13.309352517985612	67.26618705035972	76.97841726618705	94.96402877697842
2021	DBSCAN	467	42.61241970021413	13.9186295503212	66.80942184154176	69.80728051391863	92.07708779443254
2021	HDBSCAN	81	34.5679012345679	7.407407407407407	58.02469135802469	66.66666666666667	91.35802469135803
2021	OPTICS	7222	92.57823317640543	32.65023539185821	80.31016338964275	88.60426474660758	99.55690944336749
2021	mean shift	213	73.70892018779342	17.370892018779344	74.17840375586854	72.7699530516432	95.77464788732394
2021	BIRCH	264	75.0	20.454545454545453	66.66666666666667	79.92424242424242	97.34848484848484
2021	spectral	333	31.83183183183183	16.816816816816818	48.348348348348345	65.16516516516516	85.28528528528528
2021	affinity propagation	118	44.067796610169495	26.271186440677965	66.94915254237289	66.94915254237289	92.37288135593221
2021	GMM/mixture	1577	56.943563728598605	16.423589093214964	59.73367152821814	70.00634115409004	92.2003804692454
2021	DPM	85	71.76470588235294	29.41176470588235	77.6470588235294	81.17647058823529	97.6470588235294
2021	SOM	552	59.23913043478261	19.565217391304348	66.84782608695652	72.64492753623189	93.84057971014492
2021	MCL	771	84.43579766536965	26.977950713359274	62.12710765239948	87.67833981841764	97.14656290531777
2021	graph-based	391	58.05626598465473	15.345268542199488	59.846547314578004	79.53964194373401	92.07161125319693
2021	community detection	543	26.703499079189687	14.3646408839779	33.70165745856354	72.37569060773481	83.97790055248619
2021	louvain	812	33.99014778325123	12.068965517241379	40.76354679802956	75.24630541871922	86.82266009852216
2021	leiden	605	70.41322314049587	21.15702479338843	68.4297520661157	81.98347107438016	93.88429752066116
2021	SNN	391	36.57289002557545	13.29923273657289	49.87212276214834	71.86700767263427	88.74680306905371
2021	Phenograph	149	51.006711409395976	16.778523489932887	73.15436241610739	80.53691275167785	91.2751677852349
2021	Seurat	1996	62.324649298597194	15.180360721442886	66.18236472945891	81.96392785571142	94.73947895791584
2021	Scanpy	301	38.538205980066444	12.29235880398671	56.478405315614616	67.10963455149502	87.70764119601328
2021	SC3	119	42.016806722689076	17.647058823529413	43.69747899159664	78.99159663865547	85.71428571428571
2021	generic cluster*	58780	81.18237495746853	25.22286492004083	74.37904048996258	83.72745831915617	97.78496087104458
2022	k-means	7030	47.69559032716928	19.317211948790895	67.82361308677098	71.20910384068279	92.94452347083926
2022	k-medoids/PAM	1317	61.35155656795748	17.16021260440395	60.89597570235384	77.98025816249051	93.31814730447988
2022	c-means/fuzzy c-means	755	50.19867549668874	26.09271523178808	71.12582781456953	67.68211920529801	94.83443708609272
2022	hierarchical	13166	77.82166185629652	16.124867081877564	69.64909615676743	79.77365942579371	96.885918274343
2022	ward	269	62.45353159851301	19.702602230483272	71.74721189591078	76.95167286245353	94.79553903345725
2022	DBSCAN	603	44.61028192371476	15.091210613598673	66.16915422885572	71.64179104477611	92.37147595356551
2022	HDBSCAN	118	37.28813559322034	15.254237288135593	53.389830508474574	68.64406779661017	88.13559322033899
2022	OPTICS	8313	92.24106820642368	33.537832310838446	80.84927222422711	88.40370504029833	99.43462047395646
2022	mean shift	225	63.55555555555556	20.444444444444443	72.44444444444444	74.66666666666667	94.66666666666667
2022	BIRCH	246	76.42276422764228	19.51219512195122	63.41463414634146	84.55284552845528	94.71544715447155
2022	spectral	382	30.89005235602094	18.586387434554975	46.8586387434555	68.06282722513089	85.6020942408377
2022	affinity propagation	141	42.5531914893617	14.893617021276595	59.57446808510638	68.08510638297872	90.0709219858156
2022	GMM/mixture	1763	56.94838343732275	19.852524106636416	62.110039705048216	69.93760635280772	92.6829268292683
2022	DPM	120	63.333333333333336	23.333333333333332	75.83333333333333	77.5	95.83333333333333
2022	SOM	701	62.48216833095578	22.82453637660485	66.76176890156918	69.75748930099857	94.151212553495
2022	MCL	794	81.10831234256926	24.811083123425693	65.23929471032746	84.5088161209068	96.97732997481108
2022	graph-based	541	60.813308687615525	14.972273567467653	61.737523105360445	78.9279112754159	93.90018484288355
2022	community detection	603	30.34825870646766	15.588723051409618	36.650082918739635	76.45107794361526	86.73300165837479
2022	louvain	1061	41.65881244109331	11.121583411875589	48.35061262959472	77.19132893496702	89.82092365692743
2022	leiden	912	66.44736842105263	18.640350877192983	64.03508771929825	82.89473684210526	94.95614035087719
2022	SNN	450	49.111111111111114	15.777777777777779	53.333333333333336	74.0	91.33333333333333
2022	Phenograph	143	54.54545454545455	26.573426573426573	69.93006993006993	83.91608391608392	91.60839160839161
2022	Seurat	3292	65.91737545565006	14.671931956257595	69.8055893074119	81.2879708383961	95.4131227217497
2022	Scanpy	442	45.47511312217195	19.23076923076923	58.1447963800905	78.50678733031674	91.8552036199095
2022	SC3	125	52.0	19.2	45.6	76.8	88.0
2022	generic cluster*	69657	79.92735834158806	24.63643280646597	74.18924156940437	82.69089969421594	97.79921615917998
2023	k-means	6676	47.39364889155183	15.742959856201319	66.17735170760935	69.26303175554224	91.80647094068304
2023	k-medoids/PAM	1300	62.07692307692308	15.23076923076923	62.76923076923077	75.53846153846153	93.61538461538461
2023	c-means/fuzzy c-means	594	47.64309764309764	24.915824915824917	69.86531986531986	59.764309764309765	92.42424242424242
2023	hierarchical	11692	75.98357851522408	14.839206294902498	69.16695176188847	77.95073554567226	96.20253164556962
2023	ward	260	64.23076923076923	12.307692307692308	71.92307692307692	80.76923076923077	96.53846153846153
2023	DBSCAN	668	45.808383233532936	14.221556886227544	66.91616766467065	69.31137724550898	91.01796407185628
2023	HDBSCAN	138	44.927536231884055	13.768115942028986	57.2463768115942	69.56521739130434	92.02898550724638
2023	OPTICS	8218	92.55293258700414	32.02725724020443	80.61572158676077	87.55171574592359	99.41591628133365
2023	mean shift	218	63.30275229357798	20.642201834862384	72.4770642201835	73.39449541284404	94.4954128440367
2023	BIRCH	246	78.45528455284553	23.170731707317074	63.82113821138211	77.23577235772358	95.52845528455285
2023	spectral	356	29.213483146067414	15.730337078651685	43.53932584269663	60.39325842696629	80.33707865168539
2023	affinity propagation	119	47.89915966386555	15.126050420168067	47.05882352941177	66.38655462184875	84.03361344537815
2023	GMM/mixture	1717	56.78509027373325	16.13278974956319	60.33779848573093	66.68608037274316	91.55503785672686
2023	DPM	93	62.365591397849464	17.204301075268816	66.66666666666667	79.56989247311827	94.6236559139785
2023	SOM	609	60.59113300492611	16.748768472906406	65.35303776683087	72.08538587848933	93.10344827586206
2023	MCL	746	81.63538873994638	22.92225201072386	66.21983914209115	83.51206434316354	96.24664879356568
2023	graph-based	613	59.70636215334421	8.64600326264274	67.69983686786297	81.23980424143556	93.3115823817292
2023	community detection	644	32.608695652173914	14.751552795031056	38.66459627329193	74.22360248447205	86.0248447204969
2023	louvain	1238	43.05331179321486	11.631663974151857	47.73828756058158	76.17124394184168	88.77221324717286
2023	leiden	1144	60.22727272727273	15.55944055944056	62.58741258741259	80.06993006993007	92.13286713286713
2023	SNN	587	46.33730834752981	12.606473594548552	54.173764906303234	75.809199318569	91.48211243611584
2023	Phenograph	182	48.9010989010989	17.032967032967033	65.93406593406593	78.02197802197803	92.85714285714286
2023	Seurat	4535	65.20396912899669	13.362734288864388	69.26130099228224	80.46306504961412	95.23704520396913
2023	Scanpy	690	49.85507246376812	14.347826086956522	60.72463768115942	74.05797101449275	90.14492753623189
2023	SC3	133	48.1203007518797	16.541353383458645	48.1203007518797	80.45112781954887	88.7218045112782
2023	generic cluster*	65278	79.30696406139894	22.918900701614632	73.48570728269861	81.62933913416465	97.38196635926346
2024	k-means	7153	47.714245771005174	14.259751153362226	64.37858241297357	67.17461205088775	90.71718160212498
2024	k-medoids/PAM	1314	63.62252663622527	14.383561643835616	61.41552511415525	75.34246575342466	93.6834094368341
2024	c-means/fuzzy c-means	568	52.99295774647887	24.64788732394366	69.19014084507042	64.08450704225352	93.66197183098592
2024	hierarchical	12377	75.15553041932617	14.365355094126201	68.11020441140826	77.2723600226226	95.89561283024966
2024	ward	305	62.622950819672134	12.78688524590164	63.60655737704918	72.78688524590164	92.45901639344262
2024	DBSCAN	746	45.17426273458445	15.817694369973191	67.02412868632707	66.89008042895442	89.81233243967829
2024	HDBSCAN	206	44.66019417475728	14.563106796116505	58.737864077669904	68.44660194174757	84.95145631067962
2024	OPTICS	8378	91.7402721413225	31.403676295058485	78.61064693244211	86.76295058486512	99.35545476247314
2024	mean shift	223	67.71300448430493	22.869955156950674	78.47533632286995	77.13004484304933	94.61883408071749
2024	BIRCH	248	73.38709677419355	14.112903225806452	68.54838709677419	76.20967741935483	95.56451612903226
2024	spectral	372	33.87096774193548	11.290322580645162	44.89247311827957	64.51612903225806	84.6774193548387
2024	affinity propagation	101	36.633663366336634	6.930693069306931	56.43564356435643	72.27722772277228	91.08910891089108
2024	GMM/mixture	1953	55.248335893497185	16.129032258064516	59.190988223246286	66.5642601126472	91.19303635432668
2024	DPM	148	65.54054054054055	27.027027027027028	70.94594594594595	80.4054054054054	96.62162162162163
2024	SOM	610	61.63934426229508	19.83606557377049	63.77049180327869	76.39344262295081	93.93442622950819
2024	MCL	787	81.32147395171538	21.346886912325285	64.04066073697585	80.6861499364676	95.42566709021601
2024	graph-based	629	60.731319554848966	13.036565977742448	65.81875993640699	79.80922098569157	92.36883942766296
2024	community detection	651	32.41167434715822	13.210445468509985	34.86943164362519	72.65745007680492	83.56374807987712
2024	louvain	1599	46.779237023139466	10.131332082551594	49.34333958724203	74.73420888055034	88.74296435272045
2024	leiden	1468	55.51771117166213	14.509536784741144	58.71934604904632	76.08991825613079	89.98637602179836
2024	SNN	672	46.42857142857143	11.458333333333334	48.80952380952381	72.32142857142857	87.20238095238095
2024	Phenograph	191	51.30890052356021	18.32460732984293	66.49214659685863	83.24607329842932	92.14659685863874
2024	Seurat	6212	67.16033483580168	12.572440437862202	68.38377334191887	78.10688989053445	94.71989697359949
2024	Scanpy	1039	49.181905678537056	11.357074109720886	57.94032723772859	73.7247353224254	89.12415784408084
2024	SC3	130	46.15384615384615	19.23076923076923	36.92307692307692	73.84615384615384	83.84615384615384
2024	generic cluster*	71975	79.11358110455019	21.481069815908302	72.40430705105939	80.46405001736714	97.23792983674888
2025	k-means	9164	44.751200349192494	13.454823221300742	58.718900043649064	62.003491924923615	87.53819292885203
2025	k-medoids/PAM	1613	64.97210167389957	15.189088654680718	58.834469931804094	70.11779293242405	91.56850588964662
2025	c-means/fuzzy c-means	682	48.09384164222874	17.302052785923753	65.39589442815249	57.624633431085044	89.58944281524927
2025	hierarchical	16765	74.05308678795109	13.647479868774232	64.06799880703848	72.31136295854459	94.94780793319416
2025	ward	349	61.31805157593123	15.472779369627506	67.90830945558739	76.50429799426934	95.70200573065902
2025	DBSCAN	1151	44.65682015638575	14.596003475238923	62.11989574283232	59.94787141615986	86.96785403996525
2025	HDBSCAN	348	42.241379310344826	13.793103448275861	54.02298850574713	56.03448275862069	85.34482758620689
2025	OPTICS	9144	90.57305336832896	30.216535433070867	77.3840769903762	84.71128608923884	99.20166229221347
2025	mean shift	280	61.785714285714285	18.214285714285715	69.64285714285714	69.64285714285714	91.42857142857143
2025	BIRCH	367	75.74931880108991	17.166212534059945	63.21525885558583	77.3841961852861	93.73297002724796
2025	spectral	515	31.45631067961165	14.174757281553399	43.10679611650485	55.922330097087375	79.80582524271844
2025	affinity propagation	102	38.23529411764706	10.784313725490197	54.90196078431372	60.78431372549019	89.2156862745098
2025	GMM/mixture	2378	53.153910849453325	14.33978132884777	53.65853658536585	59.92430613961312	87.34230445752733
2025	DPM	161	73.91304347826087	15.527950310559007	65.21739130434783	72.67080745341615	95.03105590062111
2025	SOM	775	60.645161290322584	16.516129032258064	58.45161290322581	71.61290322580645	93.6774193548387
2025	MCL	964	77.59336099585062	18.983402489626556	62.75933609958506	75.10373443983403	94.81327800829875
2025	graph-based	869	60.644418872266975	11.047180667433832	64.78711162255466	75.25891829689299	92.63521288837744
2025	community detection	838	29.594272076372317	14.081145584725537	32.33890214797136	67.06443914081146	80.66825775656325
2025	louvain	2192	45.894160583941606	10.903284671532846	50.09124087591241	73.67700729927007	88.68613138686132
2025	leiden	2120	52.54716981132076	13.867924528301886	57.924528301886795	73.20754716981132	89.71698113207547
2025	SNN	970	47.422680412371136	12.783505154639176	50.103092783505154	70.61855670103093	89.27835051546391
2025	Phenograph	189	53.96825396825397	17.46031746031746	66.13756613756614	77.77777777777777	93.12169312169313
2025	Seurat	9110	67.45334796926454	12.195389681668496	67.6728869374314	73.98463227222832	93.99560922063667
2025	Scanpy	1566	47.573435504469984	10.600255427841635	57.0242656449553	69.15708812260536	88.69731800766283
2025	SC3	121	54.54545454545455	18.181818181818183	47.107438016528924	76.03305785123968	85.9504132231405
2025	generic cluster*	95100	78.4279705573081	20.634069400630914	69.94006309148266	77.25552050473186	96.41114616193481
